{"cameraMode":{"drawMode":0,"name":"Shaded","section":"Shading Mode"},"sceneLighting":true,"audioPlay":false,"sceneViewState":{"m_AlwaysRefresh":false,"showFog":true,"showSkybox":true,"showFlares":true,"showImageEffects":true,"showParticleSystems":true,"showVisualEffectGraphs":true,"m_FxEnabled":true},"in2DMode":false,"pivot":{"x":105.5286865234375,"y":-101.44046020507813,"z":144.12411499023438},"rotation":{"x":-0.26110881567001345,"y":-0.24148720502853394,"z":0.06816195696592331,"w":-0.9318848252296448},"size":110.7597885131836,"orthographic":false}